PassengerId,Survived,Pclass_2,Pclass_3,Sex_1,SibSp_1,SibSp_2,SibSp_3,SibSp_4,SibSp_5,SibSp_8,Parch_1,Parch_2,Parch_3,Parch_4,Parch_5,Parch_6,Parch_9
1,0,False,True,True,True,False,False,False,False,False,False,False,False,False,False,False,False
2,1,False,False,False,True,False,False,False,False,False,False,False,False,False,False,False,False
3,1,False,True,False,False,False,False,False,False,False,False,False,False,False,False,False,False
4,1,False,False,False,True,False,False,False,False,False,False,False,False,False,False,False,False
5,0,False,True,True,False,False,False,False,False,False,False,False,False,False,False,False,False
6,0,False,True,True,False,False,False,False,False,False,False,False,False,False,False,False,False
7,0,False,False,True,False,False,False,False,False,False,False,False,False,False,False,False,False
8,0,False,True,True,False,False,True,False,False,False,True,False,False,False,False,False,False
9,1,False,True,False,False,False,False,False,False,False,False,True,False,False,False,False,False
10,1,True,False,False,True,False,False,False,False,False,False,False,False,False,False,False,False
11,1,False,True,False,True,False,False,False,False,False,True,False,False,False,False,False,False
12,1,False,False,False,False,False,False,False,False,False,False,False,False,False,False,False,False
13,0,False,True,True,False,False,False,False,False,False,False,False,False,False,False,False,False
14,0,False,True,True,True,False,False,False,False,False,False,False,False,False,True,False,False
15,0,False,True,False,False,False,False,False,False,False,False,False,False,False,False,False,False
16,1,True,False,False,False,False,False,False,False,False,False,False,False,False,False,False,False
17,0,False,True,True,False,False,False,True,False,False,True,False,False,False,False,False,False
18,1,True,False,True,False,False,False,False,False,False,False,False,False,False,False,False,False
19,0,False,True,False,True,False,False,False,False,False,False,False,False,False,False,False,False
20,1,False,True,False,False,False,False,False,False,False,False,False,False,False,False,False,False
21,0,True,False,True,False,False,False,False,False,False,False,False,False,False,False,False,False
22,1,True,False,True,False,False,False,False,False,False,False,False,False,False,False,False,False
23,1,False,True,False,False,False,False,False,False,False,False,False,False,False,False,False,False
24,1,False,False,True,False,False,False,False,False,False,False,False,False,False,False,False,False
25,0,False,True,False,False,False,True,False,False,False,True,False,False,False,False,False,False
26,1,False,True,False,True,False,False,False,False,False,False,False,False,False,True,False,False
27,0,False,True,True,False,False,False,False,False,False,False,False,False,False,False,False,False
28,0,False,False,True,False,False,True,False,False,False,False,True,False,False,False,False,False
29,1,False,True,False,False,False,False,False,False,False,False,False,False,False,False,False,False
30,0,False,True,True,False,False,False,False,False,False,False,False,False,False,False,False,False
31,0,False,False,True,False,False,False,False,False,False,False,False,False,False,False,False,False
32,1,False,False,False,True,False,False,False,False,False,False,False,False,False,False,False,False
33,1,False,True,False,False,False,False,False,False,False,False,False,False,False,False,False,False
34,0,True,False,True,False,False,False,False,False,False,False,False,False,False,False,False,False
35,0,False,False,True,True,False,False,False,False,False,False,False,False,False,False,False,False
36,0,False,False,True,True,False,False,False,False,False,False,False,False,False,False,False,False
37,1,False,True,True,False,False,False,False,False,False,False,False,False,False,False,False,False
38,0,False,True,True,False,False,False,False,False,False,False,False,False,False,False,False,False
39,0,False,True,False,False,True,False,False,False,False,False,False,False,False,False,False,False
40,1,False,True,False,True,False,False,False,False,False,False,False,False,False,False,False,False
41,0,False,True,False,True,False,False,False,False,False,False,False,False,False,False,False,False
42,0,True,False,False,True,False,False,False,False,False,False,False,False,False,False,False,False
43,0,False,True,True,False,False,False,False,False,False,False,False,False,False,False,False,False
44,1,True,False,False,True,False,False,False,False,False,False,True,False,False,False,False,False
45,1,False,True,False,False,False,False,False,False,False,False,False,False,False,False,False,False
46,0,False,True,True,False,False,False,False,False,False,False,False,False,False,False,False,False
47,0,False,True,True,True,False,False,False,False,False,False,False,False,False,False,False,False
48,1,False,True,False,False,False,False,False,False,False,False,False,False,False,False,False,False
49,0,False,True,True,False,True,False,False,False,False,False,False,False,False,False,False,False
50,0,False,True,False,True,False,False,False,False,False,False,False,False,False,False,False,False
51,0,False,True,True,False,False,False,True,False,False,True,False,False,False,False,False,False
52,0,False,True,True,False,False,False,False,False,False,False,False,False,False,False,False,False
53,1,False,False,False,True,False,False,False,False,False,False,False,False,False,False,False,False
54,1,True,False,False,True,False,False,False,False,False,False,False,False,False,False,False,False
55,0,False,False,True,False,False,False,False,False,False,True,False,False,False,False,False,False
56,1,False,False,True,False,False,False,False,False,False,False,False,False,False,False,False,False
57,1,True,False,False,False,False,False,False,False,False,False,False,False,False,False,False,False
58,0,False,True,True,False,False,False,False,False,False,False,False,False,False,False,False,False
59,1,True,False,False,True,False,False,False,False,False,False,True,False,False,False,False,False
60,0,False,True,True,False,False,False,False,True,False,False,True,False,False,False,False,False
61,0,False,True,True,False,False,False,False,False,False,False,False,False,False,False,False,False
62,1,False,False,False,False,False,False,False,False,False,False,False,False,False,False,False,False
63,0,False,False,True,True,False,False,False,False,False,False,False,False,False,False,False,False
64,0,False,True,True,False,False,True,False,False,False,False,True,False,False,False,False,False
65,0,False,False,True,False,False,False,False,False,False,False,False,False,False,False,False,False
66,1,False,True,True,True,False,False,False,False,False,True,False,False,False,False,False,False
67,1,True,False,False,False,False,False,False,False,False,False,False,False,False,False,False,False
68,0,False,True,True,False,False,False,False,False,False,False,False,False,False,False,False,False
69,1,False,True,False,False,False,False,True,False,False,False,True,False,False,False,False,False
70,0,False,True,True,False,True,False,False,False,False,False,False,False,False,False,False,False
71,0,True,False,True,False,False,False,False,False,False,False,False,False,False,False,False,False
72,0,False,True,False,False,False,False,False,True,False,False,True,False,False,False,False,False
73,0,True,False,True,False,False,False,False,False,False,False,False,False,False,False,False,False
74,0,False,True,True,True,False,False,False,False,False,False,False,False,False,False,False,False
75,1,False,True,True,False,False,False,False,False,False,False,False,False,False,False,False,False
76,0,False,True,True,False,False,False,False,False,False,False,False,False,False,False,False,False
77,0,False,True,True,False,False,False,False,False,False,False,False,False,False,False,False,False
78,0,False,True,True,False,False,False,False,False,False,False,False,False,False,False,False,False
79,1,True,False,True,False,False,False,False,False,False,False,True,False,False,False,False,False
80,1,False,True,False,False,False,False,False,False,False,False,False,False,False,False,False,False
81,0,False,True,True,False,False,False,False,False,False,False,False,False,False,False,False,False
82,1,False,True,True,False,False,False,False,False,False,False,False,False,False,False,False,False
83,1,False,True,False,False,False,False,False,False,False,False,False,False,False,False,False,False
84,0,False,False,True,False,False,False,False,False,False,False,False,False,False,False,False,False
85,1,True,False,False,False,False,False,False,False,False,False,False,False,False,False,False,False
86,1,False,True,False,False,False,True,False,False,False,False,False,False,False,False,False,False
87,0,False,True,True,True,False,False,False,False,False,False,False,True,False,False,False,False
88,0,False,True,True,False,False,False,False,False,False,False,False,False,False,False,False,False
89,1,False,False,False,False,False,True,False,False,False,False,True,False,False,False,False,False
90,0,False,True,True,False,False,False,False,False,False,False,False,False,False,False,False,False
91,0,False,True,True,False,False,False,False,False,False,False,False,False,False,False,False,False
92,0,False,True,True,False,False,False,False,False,False,False,False,False,False,False,False,False
93,0,False,False,True,True,False,False,False,False,False,False,False,False,False,False,False,False
94,0,False,True,True,True,False,False,False,False,False,False,True,False,False,False,False,False
95,0,False,True,True,False,False,False,False,False,False,False,False,False,False,False,False,False
96,0,False,True,True,False,False,False,False,False,False,False,False,False,False,False,False,False
97,0,False,False,True,False,False,False,False,False,False,False,False,False,False,False,False,False
98,1,False,False,True,False,False,False,False,False,False,True,False,False,False,False,False,False
99,1,True,False,False,False,False,False,False,False,False,True,False,False,False,False,False,False
100,0,True,False,True,True,False,False,False,False,False,False,False,False,False,False,False,False
101,0,False,True,False,False,False,False,False,False,False,False,False,False,False,False,False,False
102,0,False,True,True,False,False,False,False,False,False,False,False,False,False,False,False,False
103,0,False,False,True,False,False,False,False,False,False,True,False,False,False,False,False,False
104,0,False,True,True,False,False,False,False,False,False,False,False,False,False,False,False,False
105,0,False,True,True,False,True,False,False,False,False,False,False,False,False,False,False,False
106,0,False,True,True,False,False,False,False,False,False,False,False,False,False,False,False,False
107,1,False,True,False,False,False,False,False,False,False,False,False,False,False,False,False,False
108,1,False,True,True,False,False,False,False,False,False,False,False,False,False,False,False,False
109,0,False,True,True,False,False,False,False,False,False,False,False,False,False,False,False,False
110,1,False,True,False,True,False,False,False,False,False,False,False,False,False,False,False,False
111,0,False,False,True,False,False,False,False,False,False,False,False,False,False,False,False,False
112,0,False,True,False,True,False,False,False,False,False,False,False,False,False,False,False,False
113,0,False,True,True,False,False,False,False,False,False,False,False,False,False,False,False,False
114,0,False,True,False,True,False,False,False,False,False,False,False,False,False,False,False,False
115,0,False,True,False,False,False,False,False,False,False,False,False,False,False,False,False,False
116,0,False,True,True,False,False,False,False,False,False,False,False,False,False,False,False,False
117,0,False,True,True,False,False,False,False,False,False,False,False,False,False,False,False,False
118,0,True,False,True,True,False,False,False,False,False,False,False,False,False,False,False,False
119,0,False,False,True,False,False,False,False,False,False,True,False,False,False,False,False,False
120,0,False,True,False,False,False,False,True,False,False,False,True,False,False,False,False,False
121,0,True,False,True,False,True,False,False,False,False,False,False,False,False,False,False,False
122,0,False,True,True,False,False,False,False,False,False,False,False,False,False,False,False,False
123,0,True,False,True,True,False,False,False,False,False,False,False,False,False,False,False,False
124,1,True,False,False,False,False,False,False,False,False,False,False,False,False,False,False,False
125,0,False,False,True,False,False,False,False,False,False,True,False,False,False,False,False,False
126,1,False,True,True,True,False,False,False,False,False,False,False,False,False,False,False,False
127,0,False,True,True,False,False,False,False,False,False,False,False,False,False,False,False,False
128,1,False,True,True,False,False,False,False,False,False,False,False,False,False,False,False,False
129,1,False,True,False,True,False,False,False,False,False,True,False,False,False,False,False,False
130,0,False,True,True,False,False,False,False,False,False,False,False,False,False,False,False,False
131,0,False,True,True,False,False,False,False,False,False,False,False,False,False,False,False,False
132,0,False,True,True,False,False,False,False,False,False,False,False,False,False,False,False,False
133,0,False,True,False,True,False,False,False,False,False,False,False,False,False,False,False,False
134,1,True,False,False,True,False,False,False,False,False,False,False,False,False,False,False,False
135,0,True,False,True,False,False,False,False,False,False,False,False,False,False,False,False,False
136,0,True,False,True,False,False,False,False,False,False,False,False,False,False,False,False,False
137,1,False,False,False,False,False,False,False,False,False,False,True,False,False,False,False,False
138,0,False,False,True,True,False,False,False,False,False,False,False,False,False,False,False,False
139,0,False,True,True,False,False,False,False,False,False,False,False,False,False,False,False,False
140,0,False,False,True,False,False,False,False,False,False,False,False,False,False,False,False,False
141,0,False,True,False,False,False,False,False,False,False,False,True,False,False,False,False,False
142,1,False,True,False,False,False,False,False,False,False,False,False,False,False,False,False,False
143,1,False,True,False,True,False,False,False,False,False,False,False,False,False,False,False,False
144,0,False,True,True,False,False,False,False,False,False,False,False,False,False,False,False,False
145,0,True,False,True,False,False,False,False,False,False,False,False,False,False,False,False,False
146,0,True,False,True,True,False,False,False,False,False,True,False,False,False,False,False,False
147,1,False,True,True,False,False,False,False,False,False,False,False,False,False,False,False,False
148,0,False,True,False,False,True,False,False,False,False,False,True,False,False,False,False,False
149,0,True,False,True,False,False,False,False,False,False,False,True,False,False,False,False,False
150,0,True,False,True,False,False,False,False,False,False,False,False,False,False,False,False,False
151,0,True,False,True,False,False,False,False,False,False,False,False,False,False,False,False,False
152,1,False,False,False,True,False,False,False,False,False,False,False,False,False,False,False,False
153,0,False,True,True,False,False,False,False,False,False,False,False,False,False,False,False,False
154,0,False,True,True,False,False,False,False,False,False,False,True,False,False,False,False,False
155,0,False,True,True,False,False,False,False,False,False,False,False,False,False,False,False,False
156,0,False,False,True,False,False,False,False,False,False,True,False,False,False,False,False,False
157,1,False,True,False,False,False,False,False,False,False,False,False,False,False,False,False,False
158,0,False,True,True,False,False,False,False,False,False,False,False,False,False,False,False,False
159,0,False,True,True,False,False,False,False,False,False,False,False,False,False,False,False,False
160,0,False,True,True,False,False,False,False,False,True,False,True,False,False,False,False,False
161,0,False,True,True,False,False,False,False,False,False,True,False,False,False,False,False,False
162,1,True,False,False,False,False,False,False,False,False,False,False,False,False,False,False,False
163,0,False,True,True,False,False,False,False,False,False,False,False,False,False,False,False,False
164,0,False,True,True,False,False,False,False,False,False,False,False,False,False,False,False,False
165,0,False,True,True,False,False,False,True,False,False,True,False,False,False,False,False,False
166,1,False,True,True,False,False,False,False,False,False,False,True,False,False,False,False,False
167,1,False,False,False,False,False,False,False,False,False,True,False,False,False,False,False,False
168,0,False,True,False,True,False,False,False,False,False,False,False,False,True,False,False,False
169,0,False,False,True,False,False,False,False,False,False,False,False,False,False,False,False,False
170,0,False,True,True,False,False,False,False,False,False,False,False,False,False,False,False,False
171,0,False,False,True,False,False,False,False,False,False,False,False,False,False,False,False,False
172,0,False,True,True,False,False,False,True,False,False,True,False,False,False,False,False,False
173,1,False,True,False,True,False,False,False,False,False,True,False,False,False,False,False,False
174,0,False,True,True,False,False,False,False,False,False,False,False,False,False,False,False,False
175,0,False,False,True,False,False,False,False,False,False,False,False,False,False,False,False,False
176,0,False,True,True,True,False,False,False,False,False,True,False,False,False,False,False,False
177,0,False,True,True,False,False,True,False,False,False,True,False,False,False,False,False,False
178,0,False,False,False,False,False,False,False,False,False,False,False,False,False,False,False,False
179,0,True,False,True,False,False,False,False,False,False,False,False,False,False,False,False,False
180,0,False,True,True,False,False,False,False,False,False,False,False,False,False,False,False,False
181,0,False,True,False,False,False,False,False,False,True,False,True,False,False,False,False,False
182,0,True,False,True,False,False,False,False,False,False,False,False,False,False,False,False,False
183,0,False,True,True,False,False,False,True,False,False,False,True,False,False,False,False,False
184,1,True,False,True,False,True,False,False,False,False,True,False,False,False,False,False,False
185,1,False,True,False,False,False,False,False,False,False,False,True,False,False,False,False,False
186,0,False,False,True,False,False,False,False,False,False,False,False,False,False,False,False,False
187,1,False,True,False,True,False,False,False,False,False,False,False,False,False,False,False,False
188,1,False,False,True,False,False,False,False,False,False,False,False,False,False,False,False,False
189,0,False,True,True,True,False,False,False,False,False,True,False,False,False,False,False,False
190,0,False,True,True,False,False,False,False,False,False,False,False,False,False,False,False,False
191,1,True,False,False,False,False,False,False,False,False,False,False,False,False,False,False,False
192,0,True,False,True,False,False,False,False,False,False,False,False,False,False,False,False,False
193,1,False,True,False,True,False,False,False,False,False,False,False,False,False,False,False,False
194,1,True,False,True,True,False,False,False,False,False,True,False,False,False,False,False,False
195,1,False,False,False,False,False,False,False,False,False,False,False,False,False,False,False,False
196,1,False,False,False,False,False,False,False,False,False,False,False,False,False,False,False,False
197,0,False,True,True,False,False,False,False,False,False,False,False,False,False,False,False,False
198,0,False,True,True,False,False,False,False,False,False,True,False,False,False,False,False,False
199,1,False,True,False,False,False,False,False,False,False,False,False,False,False,False,False,False
200,0,True,False,False,False,False,False,False,False,False,False,False,False,False,False,False,False
201,0,False,True,True,False,False,False,False,False,False,False,False,False,False,False,False,False
202,0,False,True,True,False,False,False,False,False,True,False,True,False,False,False,False,False
203,0,False,True,True,False,False,False,False,False,False,False,False,False,False,False,False,False
204,0,False,True,True,False,False,False,False,False,False,False,False,False,False,False,False,False
205,1,False,True,True,False,False,False,False,False,False,False,False,False,False,False,False,False
206,0,False,True,False,False,False,False,False,False,False,True,False,False,False,False,False,False
207,0,False,True,True,True,False,False,False,False,False,False,False,False,False,False,False,False
208,1,False,True,True,False,False,False,False,False,False,False,False,False,False,False,False,False
209,1,False,True,False,False,False,False,False,False,False,False,False,False,False,False,False,False
210,1,False,False,True,False,False,False,False,False,False,False,False,False,False,False,False,False
211,0,False,True,True,False,False,False,False,False,False,False,False,False,False,False,False,False
212,1,True,False,False,False,False,False,False,False,False,False,False,False,False,False,False,False
213,0,False,True,True,False,False,False,False,False,False,False,False,False,False,False,False,False
214,0,True,False,True,False,False,False,False,False,False,False,False,False,False,False,False,False
215,0,False,True,True,True,False,False,False,False,False,False,False,False,False,False,False,False
216,1,False,False,False,True,False,False,False,False,False,False,False,False,False,False,False,False
217,1,False,True,False,False,False,False,False,False,False,False,False,False,False,False,False,False
218,0,True,False,True,True,False,False,False,False,False,False,False,False,False,False,False,False
219,1,False,False,False,False,False,False,False,False,False,False,False,False,False,False,False,False
220,0,True,False,True,False,False,False,False,False,False,False,False,False,False,False,False,False
221,1,False,True,True,False,False,False,False,False,False,False,False,False,False,False,False,False
222,0,True,False,True,False,False,False,False,False,False,False,False,False,False,False,False,False
223,0,False,True,True,False,False,False,False,False,False,False,False,False,False,False,False,False
224,0,False,True,True,False,False,False,False,False,False,False,False,False,False,False,False,False
225,1,False,False,True,True,False,False,False,False,False,False,False,False,False,False,False,False
226,0,False,True,True,False,False,False,False,False,False,False,False,False,False,False,False,False
227,1,True,False,True,False,False,False,False,False,False,False,False,False,False,False,False,False
228,0,False,True,True,False,False,False,False,False,False,False,False,False,False,False,False,False
229,0,True,False,True,False,False,False,False,False,False,False,False,False,False,False,False,False
230,0,False,True,False,False,False,True,False,False,False,True,False,False,False,False,False,False
231,1,False,False,False,True,False,False,False,False,False,False,False,False,False,False,False,False
232,0,False,True,True,False,False,False,False,False,False,False,False,False,False,False,False,False
233,0,True,False,True,False,False,False,False,False,False,False,False,False,False,False,False,False
234,1,False,True,False,False,False,False,True,False,False,False,True,False,False,False,False,False
235,0,True,False,True,False,False,False,False,False,False,False,False,False,False,False,False,False
236,0,False,True,False,False,False,False,False,False,False,False,False,False,False,False,False,False
237,0,True,False,True,True,False,False,False,False,False,False,False,False,False,False,False,False
238,1,True,False,False,False,False,False,False,False,False,False,True,False,False,False,False,False
239,0,True,False,True,False,False,False,False,False,False,False,False,False,False,False,False,False
240,0,True,False,True,False,False,False,False,False,False,False,False,False,False,False,False,False
241,0,False,True,False,True,False,False,False,False,False,False,False,False,False,False,False,False
242,1,False,True,False,True,False,False,False,False,False,False,False,False,False,False,False,False
243,0,True,False,True,False,False,False,False,False,False,False,False,False,False,False,False,False
244,0,False,True,True,False,False,False,False,False,False,False,False,False,False,False,False,False
245,0,False,True,True,False,False,False,False,False,False,False,False,False,False,False,False,False
246,0,False,False,True,False,True,False,False,False,False,False,False,False,False,False,False,False
247,0,False,True,False,False,False,False,False,False,False,False,False,False,False,False,False,False
248,1,True,False,False,False,False,False,False,False,False,False,True,False,False,False,False,False
249,1,False,False,True,True,False,False,False,False,False,True,False,False,False,False,False,False
250,0,True,False,True,True,False,False,False,False,False,False,False,False,False,False,False,False
251,0,False,True,True,False,False,False,False,False,False,False,False,False,False,False,False,False
252,0,False,True,False,True,False,False,False,False,False,True,False,False,False,False,False,False
253,0,False,False,True,False,False,False,False,False,False,False,False,False,False,False,False,False
254,0,False,True,True,True,False,False,False,False,False,False,False,False,False,False,False,False
255,0,False,True,False,False,False,False,False,False,False,False,True,False,False,False,False,False
256,1,False,True,False,False,False,False,False,False,False,False,True,False,False,False,False,False
257,1,False,False,False,False,False,False,False,False,False,False,False,False,False,False,False,False
258,1,False,False,False,False,False,False,False,False,False,False,False,False,False,False,False,False
259,1,False,False,False,False,False,False,False,False,False,False,False,False,False,False,False,False
260,1,True,False,False,False,False,False,False,False,False,True,False,False,False,False,False,False
261,0,False,True,True,False,False,False,False,False,False,False,False,False,False,False,False,False
262,1,False,True,True,False,False,False,True,False,False,False,True,False,False,False,False,False
263,0,False,False,True,True,False,False,False,False,False,True,False,False,False,False,False,False
264,0,False,False,True,False,False,False,False,False,False,False,False,False,False,False,False,False
265,0,False,True,False,False,False,False,False,False,False,False,False,False,False,False,False,False
266,0,True,False,True,False,False,False,False,False,False,False,False,False,False,False,False,False
267,0,False,True,True,False,False,False,True,False,False,True,False,False,False,False,False,False
268,1,False,True,True,True,False,False,False,False,False,False,False,False,False,False,False,False
269,1,False,False,False,False,False,False,False,False,False,True,False,False,False,False,False,False
270,1,False,False,False,False,False,False,False,False,False,False,False,False,False,False,False,False
271,0,False,False,True,False,False,False,False,False,False,False,False,False,False,False,False,False
272,1,False,True,True,False,False,False,False,False,False,False,False,False,False,False,False,False
273,1,True,False,False,False,False,False,False,False,False,True,False,False,False,False,False,False
274,0,False,False,True,False,False,False,False,False,False,True,False,False,False,False,False,False
275,1,False,True,False,False,False,False,False,False,False,False,False,False,False,False,False,False
276,1,False,False,False,True,False,False,False,False,False,False,False,False,False,False,False,False
277,0,False,True,False,False,False,False,False,False,False,False,False,False,False,False,False,False
278,0,True,False,True,False,False,False,False,False,False,False,False,False,False,False,False,False
279,0,False,True,True,False,False,False,True,False,False,True,False,False,False,False,False,False
280,1,False,True,False,True,False,False,False,False,False,True,False,False,False,False,False,False
281,0,False,True,True,False,False,False,False,False,False,False,False,False,False,False,False,False
282,0,False,True,True,False,False,False,False,False,False,False,False,False,False,False,False,False
283,0,False,True,True,False,False,False,False,False,False,False,False,False,False,False,False,False
284,1,False,True,True,False,False,False,False,False,False,False,False,False,False,False,False,False
285,0,False,False,True,False,False,False,False,False,False,False,False,False,False,False,False,False
286,0,False,True,True,False,False,False,False,False,False,False,False,False,False,False,False,False
287,1,False,True,True,False,False,False,False,False,False,False,False,False,False,False,False,False
288,0,False,True,True,False,False,False,False,False,False,False,False,False,False,False,False,False
289,1,True,False,True,False,False,False,False,False,False,False,False,False,False,False,False,False
290,1,False,True,False,False,False,False,False,False,False,False,False,False,False,False,False,False
291,1,False,False,False,False,False,False,False,False,False,False,False,False,False,False,False,False
292,1,False,False,False,True,False,False,False,False,False,False,False,False,False,False,False,False
293,0,True,False,True,False,False,False,False,False,False,False,False,False,False,False,False,False
294,0,False,True,False,False,False,False,False,False,False,False,False,False,False,False,False,False
295,0,False,True,True,False,False,False,False,False,False,False,False,False,False,False,False,False
296,0,False,False,True,False,False,False,False,False,False,False,False,False,False,False,False,False
297,0,False,True,True,False,False,False,False,False,False,False,False,False,False,False,False,False
298,0,False,False,False,True,False,False,False,False,False,False,True,False,False,False,False,False
299,1,False,False,True,False,False,False,False,False,False,False,False,False,False,False,False,False
300,1,False,False,False,False,False,False,False,False,False,True,False,False,False,False,False,False
301,1,False,True,False,False,False,False,False,False,False,False,False,False,False,False,False,False
302,1,False,True,True,False,True,False,False,False,False,False,False,False,False,False,False,False
303,0,False,True,True,False,False,False,False,False,False,False,False,False,False,False,False,False
304,1,True,False,False,False,False,False,False,False,False,False,False,False,False,False,False,False
305,0,False,True,True,False,False,False,False,False,False,False,False,False,False,False,False,False
306,1,False,False,True,True,False,False,False,False,False,False,True,False,False,False,False,False
307,1,False,False,False,False,False,False,False,False,False,False,False,False,False,False,False,False
308,1,False,False,False,True,False,False,False,False,False,False,False,False,False,False,False,False
309,0,True,False,True,True,False,False,False,False,False,False,False,False,False,False,False,False
310,1,False,False,False,False,False,False,False,False,False,False,False,False,False,False,False,False
311,1,False,False,False,False,False,False,False,False,False,False,False,False,False,False,False,False
312,1,False,False,False,False,True,False,False,False,False,False,True,False,False,False,False,False
313,0,True,False,False,True,False,False,False,False,False,True,False,False,False,False,False,False
314,0,False,True,True,False,False,False,False,False,False,False,False,False,False,False,False,False
315,0,True,False,True,True,False,False,False,False,False,True,False,False,False,False,False,False
316,1,False,True,False,False,False,False,False,False,False,False,False,False,False,False,False,False
317,1,True,False,False,True,False,False,False,False,False,False,False,False,False,False,False,False
318,0,True,False,True,False,False,False,False,False,False,False,False,False,False,False,False,False
319,1,False,False,False,False,False,False,False,False,False,False,True,False,False,False,False,False
320,1,False,False,False,True,False,False,False,False,False,True,False,False,False,False,False,False
321,0,False,True,True,False,False,False,False,False,False,False,False,False,False,False,False,False
322,0,False,True,True,False,False,False,False,False,False,False,False,False,False,False,False,False
323,1,True,False,False,False,False,False,False,False,False,False,False,False,False,False,False,False
324,1,True,False,False,True,False,False,False,False,False,True,False,False,False,False,False,False
325,0,False,True,True,False,False,False,False,False,True,False,True,False,False,False,False,False
326,1,False,False,False,False,False,False,False,False,False,False,False,False,False,False,False,False
327,0,False,True,True,False,False,False,False,False,False,False,False,False,False,False,False,False
328,1,True,False,False,False,False,False,False,False,False,False,False,False,False,False,False,False
329,1,False,True,False,True,False,False,False,False,False,True,False,False,False,False,False,False
330,1,False,False,False,False,False,False,False,False,False,True,False,False,False,False,False,False
331,1,False,True,False,False,True,False,False,False,False,False,False,False,False,False,False,False
332,0,False,False,True,False,False,False,False,False,False,False,False,False,False,False,False,False
333,0,False,False,True,False,False,False,False,False,False,True,False,False,False,False,False,False
334,0,False,True,True,False,True,False,False,False,False,False,False,False,False,False,False,False
335,1,False,False,False,True,False,False,False,False,False,False,False,False,False,False,False,False
336,0,False,True,True,False,False,False,False,False,False,False,False,False,False,False,False,False
337,0,False,False,True,True,False,False,False,False,False,False,False,False,False,False,False,False
338,1,False,False,False,False,False,False,False,False,False,False,False,False,False,False,False,False
339,1,False,True,True,False,False,False,False,False,False,False,False,False,False,False,False,False
340,0,False,False,True,False,False,False,False,False,False,False,False,False,False,False,False,False
341,1,True,False,True,True,False,False,False,False,False,True,False,False,False,False,False,False
342,1,False,False,False,False,False,True,False,False,False,False,True,False,False,False,False,False
343,0,True,False,True,False,False,False,False,False,False,False,False,False,False,False,False,False
344,0,True,False,True,False,False,False,False,False,False,False,False,False,False,False,False,False
345,0,True,False,True,False,False,False,False,False,False,False,False,False,False,False,False,False
346,1,True,False,False,False,False,False,False,False,False,False,False,False,False,False,False,False
347,1,True,False,False,False,False,False,False,False,False,False,False,False,False,False,False,False
348,1,False,True,False,True,False,False,False,False,False,False,False,False,False,False,False,False
349,1,False,True,True,True,False,False,False,False,False,True,False,False,False,False,False,False
350,0,False,True,True,False,False,False,False,False,False,False,False,False,False,False,False,False
351,0,False,True,True,False,False,False,False,False,False,False,False,False,False,False,False,False
352,0,False,False,True,False,False,False,False,False,False,False,False,False,False,False,False,False
353,0,False,True,True,True,False,False,False,False,False,True,False,False,False,False,False,False
354,0,False,True,True,True,False,False,False,False,False,False,False,False,False,False,False,False
355,0,False,True,True,False,False,False,False,False,False,False,False,False,False,False,False,False
356,0,False,True,True,False,False,False,False,False,False,False,False,False,False,False,False,False
357,1,False,False,False,False,False,False,False,False,False,True,False,False,False,False,False,False
358,0,True,False,False,False,False,False,False,False,False,False,False,False,False,False,False,False
359,1,False,True,False,False,False,False,False,False,False,False,False,False,False,False,False,False
360,1,False,True,False,False,False,False,False,False,False,False,False,False,False,False,False,False
361,0,False,True,True,True,False,False,False,False,False,False,False,False,True,False,False,False
362,0,True,False,True,True,False,False,False,False,False,False,False,False,False,False,False,False
363,0,False,True,False,False,False,False,False,False,False,True,False,False,False,False,False,False
364,0,False,True,True,False,False,False,False,False,False,False,False,False,False,False,False,False
365,0,False,True,True,True,False,False,False,False,False,False,False,False,False,False,False,False
366,0,False,True,True,False,False,False,False,False,False,False,False,False,False,False,False,False
367,1,False,False,False,True,False,False,False,False,False,False,False,False,False,False,False,False
368,1,False,True,False,False,False,False,False,False,False,False,False,False,False,False,False,False
369,1,False,True,False,False,False,False,False,False,False,False,False,False,False,False,False,False
370,1,False,False,False,False,False,False,False,False,False,False,False,False,False,False,False,False
371,1,False,False,True,True,False,False,False,False,False,False,False,False,False,False,False,False
372,0,False,True,True,True,False,False,False,False,False,False,False,False,False,False,False,False
373,0,False,True,True,False,False,False,False,False,False,False,False,False,False,False,False,False
374,0,False,False,True,False,False,False,False,False,False,False,False,False,False,False,False,False
375,0,False,True,False,False,False,True,False,False,False,True,False,False,False,False,False,False
376,1,False,False,False,True,False,False,False,False,False,False,False,False,False,False,False,False
377,1,False,True,False,False,False,False,False,False,False,False,False,False,False,False,False,False
378,0,False,False,True,False,False,False,False,False,False,False,True,False,False,False,False,False
379,0,False,True,True,False,False,False,False,False,False,False,False,False,False,False,False,False
380,0,False,True,True,False,False,False,False,False,False,False,False,False,False,False,False,False
381,1,False,False,False,False,False,False,False,False,False,False,False,False,False,False,False,False
382,1,False,True,False,False,False,False,False,False,False,False,True,False,False,False,False,False
383,0,False,True,True,False,False,False,False,False,False,False,False,False,False,False,False,False
384,1,False,False,False,True,False,False,False,False,False,False,False,False,False,False,False,False
385,0,False,True,True,False,False,False,False,False,False,False,False,False,False,False,False,False
386,0,True,False,True,False,False,False,False,False,False,False,False,False,False,False,False,False
387,0,False,True,True,False,False,False,False,True,False,False,True,False,False,False,False,False
388,1,True,False,False,False,False,False,False,False,False,False,False,False,False,False,False,False
389,0,False,True,True,False,False,False,False,False,False,False,False,False,False,False,False,False
390,1,True,False,False,False,False,False,False,False,False,False,False,False,False,False,False,False
391,1,False,False,True,True,False,False,False,False,False,False,True,False,False,False,False,False
392,1,False,True,True,False,False,False,False,False,False,False,False,False,False,False,False,False
393,0,False,True,True,False,True,False,False,False,False,False,False,False,False,False,False,False
394,1,False,False,False,True,False,False,False,False,False,False,False,False,False,False,False,False
395,1,False,True,False,False,False,False,False,False,False,False,True,False,False,False,False,False
396,0,False,True,True,False,False,False,False,False,False,False,False,False,False,False,False,False
397,0,False,True,False,False,False,False,False,False,False,False,False,False,False,False,False,False
398,0,True,False,True,False,False,False,False,False,False,False,False,False,False,False,False,False
399,0,True,False,True,False,False,False,False,False,False,False,False,False,False,False,False,False
400,1,True,False,False,False,False,False,False,False,False,False,False,False,False,False,False,False
401,1,False,True,True,False,False,False,False,False,False,False,False,False,False,False,False,False
402,0,False,True,True,False,False,False,False,False,False,False,False,False,False,False,False,False
403,0,False,True,False,True,False,False,False,False,False,False,False,False,False,False,False,False
404,0,False,True,True,True,False,False,False,False,False,False,False,False,False,False,False,False
405,0,False,True,False,False,False,False,False,False,False,False,False,False,False,False,False,False
406,0,True,False,True,True,False,False,False,False,False,False,False,False,False,False,False,False
407,0,False,True,True,False,False,False,False,False,False,False,False,False,False,False,False,False
408,1,True,False,True,True,False,False,False,False,False,True,False,False,False,False,False,False
409,0,False,True,True,False,False,False,False,False,False,False,False,False,False,False,False,False
410,0,False,True,False,False,False,True,False,False,False,True,False,False,False,False,False,False
411,0,False,True,True,False,False,False,False,False,False,False,False,False,False,False,False,False
412,0,False,True,True,False,False,False,False,False,False,False,False,False,False,False,False,False
413,1,False,False,False,True,False,False,False,False,False,False,False,False,False,False,False,False
414,0,True,False,True,False,False,False,False,False,False,False,False,False,False,False,False,False
415,1,False,True,True,False,False,False,False,False,False,False,False,False,False,False,False,False
416,0,False,True,False,False,False,False,False,False,False,False,False,False,False,False,False,False
417,1,True,False,False,True,False,False,False,False,False,True,False,False,False,False,False,False
418,1,True,False,False,False,False,False,False,False,False,False,True,False,False,False,False,False
419,0,True,False,True,False,False,False,False,False,False,False,False,False,False,False,False,False
420,0,False,True,False,False,False,False,False,False,False,False,True,False,False,False,False,False
421,0,False,True,True,False,False,False,False,False,False,False,False,False,False,False,False,False
422,0,False,True,True,False,False,False,False,False,False,False,False,False,False,False,False,False
423,0,False,True,True,False,False,False,False,False,False,False,False,False,False,False,False,False
424,0,False,True,False,True,False,False,False,False,False,True,False,False,False,False,False,False
425,0,False,True,True,True,False,False,False,False,False,True,False,False,False,False,False,False
426,0,False,True,True,False,False,False,False,False,False,False,False,False,False,False,False,False
427,1,True,False,False,True,False,False,False,False,False,False,False,False,False,False,False,False
428,1,True,False,False,False,False,False,False,False,False,False,False,False,False,False,False,False
429,0,False,True,True,False,False,False,False,False,False,False,False,False,False,False,False,False
430,1,False,True,True,False,False,False,False,False,False,False,False,False,False,False,False,False
431,1,False,False,True,False,False,False,False,False,False,False,False,False,False,False,False,False
432,1,False,True,False,True,False,False,False,False,False,False,False,False,False,False,False,False
433,1,True,False,False,True,False,False,False,False,False,False,False,False,False,False,False,False
434,0,False,True,True,False,False,False,False,False,False,False,False,False,False,False,False,False
435,0,False,False,True,True,False,False,False,False,False,False,False,False,False,False,False,False
436,1,False,False,False,True,False,False,False,False,False,False,True,False,False,False,False,False
437,0,False,True,False,False,True,False,False,False,False,False,True,False,False,False,False,False
438,1,True,False,False,False,True,False,False,False,False,False,False,True,False,False,False,False
439,0,False,False,True,True,False,False,False,False,False,False,False,False,True,False,False,False
440,0,True,False,True,False,False,False,False,False,False,False,False,False,False,False,False,False
441,1,True,False,False,True,False,False,False,False,False,True,False,False,False,False,False,False
442,0,False,True,True,False,False,False,False,False,False,False,False,False,False,False,False,False
443,0,False,True,True,True,False,False,False,False,False,False,False,False,False,False,False,False
444,1,True,False,False,False,False,False,False,False,False,False,False,False,False,False,False,False
445,1,False,True,True,False,False,False,False,False,False,False,False,False,False,False,False,False
446,1,False,False,True,False,False,False,False,False,False,False,True,False,False,False,False,False
447,1,True,False,False,False,False,False,False,False,False,True,False,False,False,False,False,False
448,1,False,False,True,False,False,False,False,False,False,False,False,False,False,False,False,False
449,1,False,True,False,False,True,False,False,False,False,True,False,False,False,False,False,False
450,1,False,False,True,False,False,False,False,False,False,False,False,False,False,False,False,False
451,0,True,False,True,True,False,False,False,False,False,False,True,False,False,False,False,False
452,0,False,True,True,True,False,False,False,False,False,False,False,False,False,False,False,False
453,0,False,False,True,False,False,False,False,False,False,False,False,False,False,False,False,False
454,1,False,False,True,True,False,False,False,False,False,False,False,False,False,False,False,False
455,0,False,True,True,False,False,False,False,False,False,False,False,False,False,False,False,False
456,1,False,True,True,False,False,False,False,False,False,False,False,False,False,False,False,False
457,0,False,False,True,False,False,False,False,False,False,False,False,False,False,False,False,False
458,1,False,False,False,True,False,False,False,False,False,False,False,False,False,False,False,False
459,1,True,False,False,False,False,False,False,False,False,False,False,False,False,False,False,False
460,0,False,True,True,False,False,False,False,False,False,False,False,False,False,False,False,False
461,1,False,False,True,False,False,False,False,False,False,False,False,False,False,False,False,False
462,0,False,True,True,False,False,False,False,False,False,False,False,False,False,False,False,False
463,0,False,False,True,False,False,False,False,False,False,False,False,False,False,False,False,False
464,0,True,False,True,False,False,False,False,False,False,False,False,False,False,False,False,False
465,0,False,True,True,False,False,False,False,False,False,False,False,False,False,False,False,False
466,0,False,True,True,False,False,False,False,False,False,False,False,False,False,False,False,False
467,0,True,False,True,False,False,False,False,False,False,False,False,False,False,False,False,False
468,0,False,False,True,False,False,False,False,False,False,False,False,False,False,False,False,False
469,0,False,True,True,False,False,False,False,False,False,False,False,False,False,False,False,False
470,1,False,True,False,False,True,False,False,False,False,True,False,False,False,False,False,False
471,0,False,True,True,False,False,False,False,False,False,False,False,False,False,False,False,False
472,0,False,True,True,False,False,False,False,False,False,False,False,False,False,False,False,False
473,1,True,False,False,True,False,False,False,False,False,False,True,False,False,False,False,False
474,1,True,False,False,False,False,False,False,False,False,False,False,False,False,False,False,False
475,0,False,True,False,False,False,False,False,False,False,False,False,False,False,False,False,False
476,0,False,False,True,False,False,False,False,False,False,False,False,False,False,False,False,False
477,0,True,False,True,True,False,False,False,False,False,False,False,False,False,False,False,False
478,0,False,True,True,True,False,False,False,False,False,False,False,False,False,False,False,False
479,0,False,True,True,False,False,False,False,False,False,False,False,False,False,False,False,False
480,1,False,True,False,False,False,False,False,False,False,True,False,False,False,False,False,False
481,0,False,True,True,False,False,False,False,True,False,False,True,False,False,False,False,False
482,0,True,False,True,False,False,False,False,False,False,False,False,False,False,False,False,False
483,0,False,True,True,False,False,False,False,False,False,False,False,False,False,False,False,False
484,1,False,True,False,False,False,False,False,False,False,False,False,False,False,False,False,False
485,1,False,False,True,True,False,False,False,False,False,False,False,False,False,False,False,False
486,0,False,True,False,False,False,True,False,False,False,True,False,False,False,False,False,False
487,1,False,False,False,True,False,False,False,False,False,False,False,False,False,False,False,False
488,0,False,False,True,False,False,False,False,False,False,False,False,False,False,False,False,False
489,0,False,True,True,False,False,False,False,False,False,False,False,False,False,False,False,False
490,1,False,True,True,True,False,False,False,False,False,True,False,False,False,False,False,False
491,0,False,True,True,True,False,False,False,False,False,False,False,False,False,False,False,False
492,0,False,True,True,False,False,False,False,False,False,False,False,False,False,False,False,False
493,0,False,False,True,False,False,False,False,False,False,False,False,False,False,False,False,False
494,0,False,False,True,False,False,False,False,False,False,False,False,False,False,False,False,False
495,0,False,True,True,False,False,False,False,False,False,False,False,False,False,False,False,False
496,0,False,True,True,False,False,False,False,False,False,False,False,False,False,False,False,False
497,1,False,False,False,True,False,False,False,False,False,False,False,False,False,False,False,False
498,0,False,True,True,False,False,False,False,False,False,False,False,False,False,False,False,False
499,0,False,False,False,True,False,False,False,False,False,False,True,False,False,False,False,False
500,0,False,True,True,False,False,False,False,False,False,False,False,False,False,False,False,False
501,0,False,True,True,False,False,False,False,False,False,False,False,False,False,False,False,False
502,0,False,True,False,False,False,False,False,False,False,False,False,False,False,False,False,False
503,0,False,True,False,False,False,False,False,False,False,False,False,False,False,False,False,False
504,0,False,True,False,False,False,False,False,False,False,False,False,False,False,False,False,False
505,1,False,False,False,False,False,False,False,False,False,False,False,False,False,False,False,False
506,0,False,False,True,True,False,False,False,False,False,False,False,False,False,False,False,False
507,1,True,False,False,False,False,False,False,False,False,False,True,False,False,False,False,False
508,1,False,False,True,False,False,False,False,False,False,False,False,False,False,False,False,False
509,0,False,True,True,False,False,False,False,False,False,False,False,False,False,False,False,False
510,1,False,True,True,False,False,False,False,False,False,False,False,False,False,False,False,False
511,1,False,True,True,False,False,False,False,False,False,False,False,False,False,False,False,False
512,0,False,True,True,False,False,False,False,False,False,False,False,False,False,False,False,False
513,1,False,False,True,False,False,False,False,False,False,False,False,False,False,False,False,False
514,1,False,False,False,True,False,False,False,False,False,False,False,False,False,False,False,False
515,0,False,True,True,False,False,False,False,False,False,False,False,False,False,False,False,False
516,0,False,False,True,False,False,False,False,False,False,False,False,False,False,False,False,False
517,1,True,False,False,False,False,False,False,False,False,False,False,False,False,False,False,False
518,0,False,True,True,False,False,False,False,False,False,False,False,False,False,False,False,False
519,1,True,False,False,True,False,False,False,False,False,False,False,False,False,False,False,False
520,0,False,True,True,False,False,False,False,False,False,False,False,False,False,False,False,False
521,1,False,False,False,False,False,False,False,False,False,False,False,False,False,False,False,False
522,0,False,True,True,False,False,False,False,False,False,False,False,False,False,False,False,False
523,0,False,True,True,False,False,False,False,False,False,False,False,False,False,False,False,False
524,1,False,False,False,False,False,False,False,False,False,True,False,False,False,False,False,False
525,0,False,True,True,False,False,False,False,False,False,False,False,False,False,False,False,False
526,0,False,True,True,False,False,False,False,False,False,False,False,False,False,False,False,False
527,1,True,False,False,False,False,False,False,False,False,False,False,False,False,False,False,False
528,0,False,False,True,False,False,False,False,False,False,False,False,False,False,False,False,False
529,0,False,True,True,False,False,False,False,False,False,False,False,False,False,False,False,False
530,0,True,False,True,False,True,False,False,False,False,True,False,False,False,False,False,False
531,1,True,False,False,True,False,False,False,False,False,True,False,False,False,False,False,False
532,0,False,True,True,False,False,False,False,False,False,False,False,False,False,False,False,False
533,0,False,True,True,True,False,False,False,False,False,True,False,False,False,False,False,False
534,1,False,True,False,False,False,False,False,False,False,False,True,False,False,False,False,False
535,0,False,True,False,False,False,False,False,False,False,False,False,False,False,False,False,False
536,1,True,False,False,False,False,False,False,False,False,False,True,False,False,False,False,False
537,0,False,False,True,False,False,False,False,False,False,False,False,False,False,False,False,False
538,1,False,False,False,False,False,False,False,False,False,False,False,False,False,False,False,False
539,0,False,True,True,False,False,False,False,False,False,False,False,False,False,False,False,False
540,1,False,False,False,False,False,False,False,False,False,False,True,False,False,False,False,False
541,1,False,False,False,False,False,False,False,False,False,False,True,False,False,False,False,False
542,0,False,True,False,False,False,False,True,False,False,False,True,False,False,False,False,False
543,0,False,True,False,False,False,False,True,False,False,False,True,False,False,False,False,False
544,1,True,False,True,True,False,False,False,False,False,False,False,False,False,False,False,False
545,0,False,False,True,True,False,False,False,False,False,False,False,False,False,False,False,False
546,0,False,False,True,False,False,False,False,False,False,False,False,False,False,False,False,False
547,1,True,False,False,True,False,False,False,False,False,False,False,False,False,False,False,False
548,1,True,False,True,False,False,False,False,False,False,False,False,False,False,False,False,False
549,0,False,True,True,True,False,False,False,False,False,True,False,False,False,False,False,False
550,1,True,False,True,True,False,False,False,False,False,True,False,False,False,False,False,False
551,1,False,False,True,False,False,False,False,False,False,False,True,False,False,False,False,False
552,0,True,False,True,False,False,False,False,False,False,False,False,False,False,False,False,False
553,0,False,True,True,False,False,False,False,False,False,False,False,False,False,False,False,False
554,1,False,True,True,False,False,False,False,False,False,False,False,False,False,False,False,False
555,1,False,True,False,False,False,False,False,False,False,False,False,False,False,False,False,False
556,0,False,False,True,False,False,False,False,False,False,False,False,False,False,False,False,False
557,1,False,False,False,True,False,False,False,False,False,False,False,False,False,False,False,False
558,0,False,False,True,False,False,False,False,False,False,False,False,False,False,False,False,False
559,1,False,False,False,True,False,False,False,False,False,True,False,False,False,False,False,False
560,1,False,True,False,True,False,False,False,False,False,False,False,False,False,False,False,False
561,0,False,True,True,False,False,False,False,False,False,False,False,False,False,False,False,False
562,0,False,True,True,False,False,False,False,False,False,False,False,False,False,False,False,False
563,0,True,False,True,False,False,False,False,False,False,False,False,False,False,False,False,False
564,0,False,True,True,False,False,False,False,False,False,False,False,False,False,False,False,False
565,0,False,True,False,False,False,False,False,False,False,False,False,False,False,False,False,False
566,0,False,True,True,False,True,False,False,False,False,False,False,False,False,False,False,False
567,0,False,True,True,False,False,False,False,False,False,False,False,False,False,False,False,False
568,0,False,True,False,False,False,False,False,False,False,False,False,False,True,False,False,False
569,0,False,True,True,False,False,False,False,False,False,False,False,False,False,False,False,False
570,1,False,True,True,False,False,False,False,False,False,False,False,False,False,False,False,False
571,1,True,False,True,False,False,False,False,False,False,False,False,False,False,False,False,False
572,1,False,False,False,False,True,False,False,False,False,False,False,False,False,False,False,False
573,1,False,False,True,False,False,False,False,False,False,False,False,False,False,False,False,False
574,1,False,True,False,False,False,False,False,False,False,False,False,False,False,False,False,False
575,0,False,True,True,False,False,False,False,False,False,False,False,False,False,False,False,False
576,0,False,True,True,False,False,False,False,False,False,False,False,False,False,False,False,False
577,1,True,False,False,False,False,False,False,False,False,False,False,False,False,False,False,False
578,1,False,False,False,True,False,False,False,False,False,False,False,False,False,False,False,False
579,0,False,True,False,True,False,False,False,False,False,False,False,False,False,False,False,False
580,1,False,True,True,False,False,False,False,False,False,False,False,False,False,False,False,False
581,1,True,False,False,True,False,False,False,False,False,True,False,False,False,False,False,False
582,1,False,False,False,True,False,False,False,False,False,True,False,False,False,False,False,False
583,0,True,False,True,False,False,False,False,False,False,False,False,False,False,False,False,False
584,0,False,False,True,False,False,False,False,False,False,False,False,False,False,False,False,False
585,0,False,True,True,False,False,False,False,False,False,False,False,False,False,False,False,False
586,1,False,False,False,False,False,False,False,False,False,False,True,False,False,False,False,False
587,0,True,False,True,False,False,False,False,False,False,False,False,False,False,False,False,False
588,1,False,False,True,True,False,False,False,False,False,True,False,False,False,False,False,False
589,0,False,True,True,False,False,False,False,False,False,False,False,False,False,False,False,False
590,0,False,True,True,False,False,False,False,False,False,False,False,False,False,False,False,False
591,0,False,True,True,False,False,False,False,False,False,False,False,False,False,False,False,False
592,1,False,False,False,True,False,False,False,False,False,False,False,False,False,False,False,False
593,0,False,True,True,False,False,False,False,False,False,False,False,False,False,False,False,False
594,0,False,True,False,False,False,False,False,False,False,False,True,False,False,False,False,False
595,0,True,False,True,True,False,False,False,False,False,False,False,False,False,False,False,False
596,0,False,True,True,True,False,False,False,False,False,True,False,False,False,False,False,False
597,1,True,False,False,False,False,False,False,False,False,False,False,False,False,False,False,False
598,0,False,True,True,False,False,False,False,False,False,False,False,False,False,False,False,False
599,0,False,True,True,False,False,False,False,False,False,False,False,False,False,False,False,False
600,1,False,False,True,True,False,False,False,False,False,False,False,False,False,False,False,False
601,1,True,False,False,False,True,False,False,False,False,True,False,False,False,False,False,False
602,0,False,True,True,False,False,False,False,False,False,False,False,False,False,False,False,False
603,0,False,False,True,False,False,False,False,False,False,False,False,False,False,False,False,False
604,0,False,True,True,False,False,False,False,False,False,False,False,False,False,False,False,False
605,1,False,False,True,False,False,False,False,False,False,False,False,False,False,False,False,False
606,0,False,True,True,True,False,False,False,False,False,False,False,False,False,False,False,False
607,0,False,True,True,False,False,False,False,False,False,False,False,False,False,False,False,False
608,1,False,False,True,False,False,False,False,False,False,False,False,False,False,False,False,False
609,1,True,False,False,True,False,False,False,False,False,False,True,False,False,False,False,False
610,1,False,False,False,False,False,False,False,False,False,False,False,False,False,False,False,False
611,0,False,True,False,True,False,False,False,False,False,False,False,False,False,True,False,False
612,0,False,True,True,False,False,False,False,False,False,False,False,False,False,False,False,False
613,1,False,True,False,True,False,False,False,False,False,False,False,False,False,False,False,False
614,0,False,True,True,False,False,False,False,False,False,False,False,False,False,False,False,False
615,0,False,True,True,False,False,False,False,False,False,False,False,False,False,False,False,False
616,1,True,False,False,True,False,False,False,False,False,False,True,False,False,False,False,False
617,0,False,True,True,True,False,False,False,False,False,True,False,False,False,False,False,False
618,0,False,True,False,True,False,False,False,False,False,False,False,False,False,False,False,False
619,1,True,False,False,False,True,False,False,False,False,True,False,False,False,False,False,False
620,0,True,False,True,False,False,False,False,False,False,False,False,False,False,False,False,False
621,0,False,True,True,True,False,False,False,False,False,False,False,False,False,False,False,False
622,1,False,False,True,True,False,False,False,False,False,False,False,False,False,False,False,False
623,1,False,True,True,True,False,False,False,False,False,True,False,False,False,False,False,False
624,0,False,True,True,False,False,False,False,False,False,False,False,False,False,False,False,False
625,0,False,True,True,False,False,False,False,False,False,False,False,False,False,False,False,False
626,0,False,False,True,False,False,False,False,False,False,False,False,False,False,False,False,False
627,0,True,False,True,False,False,False,False,False,False,False,False,False,False,False,False,False
628,1,False,False,False,False,False,False,False,False,False,False,False,False,False,False,False,False
629,0,False,True,True,False,False,False,False,False,False,False,False,False,False,False,False,False
630,0,False,True,True,False,False,False,False,False,False,False,False,False,False,False,False,False
631,1,False,False,True,False,False,False,False,False,False,False,False,False,False,False,False,False
632,0,False,True,True,False,False,False,False,False,False,False,False,False,False,False,False,False
633,1,False,False,True,False,False,False,False,False,False,False,False,False,False,False,False,False
634,0,False,False,True,False,False,False,False,False,False,False,False,False,False,False,False,False
635,0,False,True,False,False,False,True,False,False,False,False,True,False,False,False,False,False
636,1,True,False,False,False,False,False,False,False,False,False,False,False,False,False,False,False
637,0,False,True,True,False,False,False,False,False,False,False,False,False,False,False,False,False
638,0,True,False,True,True,False,False,False,False,False,True,False,False,False,False,False,False
639,0,False,True,False,False,False,False,False,False,False,False,False,False,False,True,False,False
640,0,False,True,True,True,False,False,False,False,False,False,False,False,False,False,False,False
641,0,False,True,True,False,False,False,False,False,False,False,False,False,False,False,False,False
642,1,False,False,False,False,False,False,False,False,False,False,False,False,False,False,False,False
643,0,False,True,False,False,False,True,False,False,False,False,True,False,False,False,False,False
644,1,False,True,True,False,False,False,False,False,False,False,False,False,False,False,False,False
645,1,False,True,False,False,True,False,False,False,False,True,False,False,False,False,False,False
646,1,False,False,True,True,False,False,False,False,False,False,False,False,False,False,False,False
647,0,False,True,True,False,False,False,False,False,False,False,False,False,False,False,False,False
648,1,False,False,True,False,False,False,False,False,False,False,False,False,False,False,False,False
649,0,False,True,True,False,False,False,False,False,False,False,False,False,False,False,False,False
650,1,False,True,False,False,False,False,False,False,False,False,False,False,False,False,False,False
651,0,False,True,True,False,False,False,False,False,False,False,False,False,False,False,False,False
652,1,True,False,False,False,False,False,False,False,False,True,False,False,False,False,False,False
653,0,False,True,True,False,False,False,False,False,False,False,False,False,False,False,False,False
654,1,False,True,False,False,False,False,False,False,False,False,False,False,False,False,False,False
655,0,False,True,False,False,False,False,False,False,False,False,False,False,False,False,False,False
656,0,True,False,True,False,True,False,False,False,False,False,False,False,False,False,False,False
657,0,False,True,True,False,False,False,False,False,False,False,False,False,False,False,False,False
658,0,False,True,False,True,False,False,False,False,False,True,False,False,False,False,False,False
659,0,True,False,True,False,False,False,False,False,False,False,False,False,False,False,False,False
660,0,False,False,True,False,False,False,False,False,False,False,True,False,False,False,False,False
661,1,False,False,True,False,True,False,False,False,False,False,False,False,False,False,False,False
662,0,False,True,True,False,False,False,False,False,False,False,False,False,False,False,False,False
663,0,False,False,True,False,False,False,False,False,False,False,False,False,False,False,False,False
664,0,False,True,True,False,False,False,False,False,False,False,False,False,False,False,False,False
665,1,False,True,True,True,False,False,False,False,False,False,False,False,False,False,False,False
666,0,True,False,True,False,True,False,False,False,False,False,False,False,False,False,False,False
667,0,True,False,True,False,False,False,False,False,False,False,False,False,False,False,False,False
668,0,False,True,True,False,False,False,False,False,False,False,False,False,False,False,False,False
669,0,False,True,True,False,False,False,False,False,False,False,False,False,False,False,False,False
670,1,False,False,False,True,False,False,False,False,False,False,False,False,False,False,False,False
671,1,True,False,False,True,False,False,False,False,False,True,False,False,False,False,False,False
672,0,False,False,True,True,False,False,False,False,False,False,False,False,False,False,False,False
673,0,True,False,True,False,False,False,False,False,False,False,False,False,False,False,False,False
674,1,True,False,True,False,False,False,False,False,False,False,False,False,False,False,False,False
675,0,True,False,True,False,False,False,False,False,False,False,False,False,False,False,False,False
676,0,False,True,True,False,False,False,False,False,False,False,False,False,False,False,False,False
677,0,False,True,True,False,False,False,False,False,False,False,False,False,False,False,False,False
678,1,False,True,False,False,False,False,False,False,False,False,False,False,False,False,False,False
679,0,False,True,False,True,False,False,False,False,False,False,False,False,False,False,True,False
680,1,False,False,True,False,False,False,False,False,False,True,False,False,False,False,False,False
681,0,False,True,False,False,False,False,False,False,False,False,False,False,False,False,False,False
682,1,False,False,True,False,False,False,False,False,False,False,False,False,False,False,False,False
683,0,False,True,True,False,False,False,False,False,False,False,False,False,False,False,False,False
684,0,False,True,True,False,False,False,False,True,False,False,True,False,False,False,False,False
685,0,True,False,True,True,False,False,False,False,False,True,False,False,False,False,False,False
686,0,True,False,True,True,False,False,False,False,False,False,True,False,False,False,False,False
687,0,False,True,True,False,False,False,True,False,False,True,False,False,False,False,False,False
688,0,False,True,True,False,False,False,False,False,False,False,False,False,False,False,False,False
689,0,False,True,True,False,False,False,False,False,False,False,False,False,False,False,False,False
690,1,False,False,False,False,False,False,False,False,False,True,False,False,False,False,False,False
691,1,False,False,True,True,False,False,False,False,False,False,False,False,False,False,False,False
692,1,False,True,False,False,False,False,False,False,False,True,False,False,False,False,False,False
693,1,False,True,True,False,False,False,False,False,False,False,False,False,False,False,False,False
694,0,False,True,True,False,False,False,False,False,False,False,False,False,False,False,False,False
695,0,False,False,True,False,False,False,False,False,False,False,False,False,False,False,False,False
696,0,True,False,True,False,False,False,False,False,False,False,False,False,False,False,False,False
697,0,False,True,True,False,False,False,False,False,False,False,False,False,False,False,False,False
698,1,False,True,False,False,False,False,False,False,False,False,False,False,False,False,False,False
699,0,False,False,True,True,False,False,False,False,False,True,False,False,False,False,False,False
700,0,False,True,True,False,False,False,False,False,False,False,False,False,False,False,False,False
701,1,False,False,False,True,False,False,False,False,False,False,False,False,False,False,False,False
702,1,False,False,True,False,False,False,False,False,False,False,False,False,False,False,False,False
703,0,False,True,False,False,False,False,False,False,False,True,False,False,False,False,False,False
704,0,False,True,True,False,False,False,False,False,False,False,False,False,False,False,False,False
705,0,False,True,True,True,False,False,False,False,False,False,False,False,False,False,False,False
706,0,True,False,True,False,False,False,False,False,False,False,False,False,False,False,False,False
707,1,True,False,False,False,False,False,False,False,False,False,False,False,False,False,False,False
708,1,False,False,True,False,False,False,False,False,False,False,False,False,False,False,False,False
709,1,False,False,False,False,False,False,False,False,False,False,False,False,False,False,False,False
710,1,False,True,True,True,False,False,False,False,False,True,False,False,False,False,False,False
711,1,False,False,False,False,False,False,False,False,False,False,False,False,False,False,False,False
712,0,False,False,True,False,False,False,False,False,False,False,False,False,False,False,False,False
713,1,False,False,True,True,False,False,False,False,False,False,False,False,False,False,False,False
714,0,False,True,True,False,False,False,False,False,False,False,False,False,False,False,False,False
715,0,True,False,True,False,False,False,False,False,False,False,False,False,False,False,False,False
716,0,False,True,True,False,False,False,False,False,False,False,False,False,False,False,False,False
717,1,False,False,False,False,False,False,False,False,False,False,False,False,False,False,False,False
718,1,True,False,False,False,False,False,False,False,False,False,False,False,False,False,False,False
719,0,False,True,True,False,False,False,False,False,False,False,False,False,False,False,False,False
720,0,False,True,True,False,False,False,False,False,False,False,False,False,False,False,False,False
721,1,True,False,False,False,False,False,False,False,False,True,False,False,False,False,False,False
722,0,False,True,True,True,False,False,False,False,False,False,False,False,False,False,False,False
723,0,True,False,True,False,False,False,False,False,False,False,False,False,False,False,False,False
724,0,True,False,True,False,False,False,False,False,False,False,False,False,False,False,False,False
725,1,False,False,True,True,False,False,False,False,False,False,False,False,False,False,False,False
726,0,False,True,True,False,False,False,False,False,False,False,False,False,False,False,False,False
727,1,True,False,False,False,False,True,False,False,False,False,False,False,False,False,False,False
728,1,False,True,False,False,False,False,False,False,False,False,False,False,False,False,False,False
729,0,True,False,True,True,False,False,False,False,False,False,False,False,False,False,False,False
730,0,False,True,False,True,False,False,False,False,False,False,False,False,False,False,False,False
731,1,False,False,False,False,False,False,False,False,False,False,False,False,False,False,False,False
732,0,False,True,True,False,False,False,False,False,False,False,False,False,False,False,False,False
733,0,True,False,True,False,False,False,False,False,False,False,False,False,False,False,False,False
734,0,True,False,True,False,False,False,False,False,False,False,False,False,False,False,False,False
735,0,True,False,True,False,False,False,False,False,False,False,False,False,False,False,False,False
736,0,False,True,True,False,False,False,False,False,False,False,False,False,False,False,False,False
737,0,False,True,False,True,False,False,False,False,False,False,False,True,False,False,False,False
738,1,False,False,True,False,False,False,False,False,False,False,False,False,False,False,False,False
739,0,False,True,True,False,False,False,False,False,False,False,False,False,False,False,False,False
740,0,False,True,True,False,False,False,False,False,False,False,False,False,False,False,False,False
741,1,False,False,True,False,False,False,False,False,False,False,False,False,False,False,False,False
742,0,False,False,True,True,False,False,False,False,False,False,False,False,False,False,False,False
743,1,False,False,False,False,True,False,False,False,False,False,True,False,False,False,False,False
744,0,False,True,True,True,False,False,False,False,False,False,False,False,False,False,False,False
745,1,False,True,True,False,False,False,False,False,False,False,False,False,False,False,False,False
746,0,False,False,True,True,False,False,False,False,False,True,False,False,False,False,False,False
747,0,False,True,True,True,False,False,False,False,False,True,False,False,False,False,False,False
748,1,True,False,False,False,False,False,False,False,False,False,False,False,False,False,False,False
749,0,False,False,True,True,False,False,False,False,False,False,False,False,False,False,False,False
750,0,False,True,True,False,False,False,False,False,False,False,False,False,False,False,False,False
751,1,True,False,False,True,False,False,False,False,False,True,False,False,False,False,False,False
752,1,False,True,True,False,False,False,False,False,False,True,False,False,False,False,False,False
753,0,False,True,True,False,False,False,False,False,False,False,False,False,False,False,False,False
754,0,False,True,True,False,False,False,False,False,False,False,False,False,False,False,False,False
755,1,True,False,False,True,False,False,False,False,False,False,True,False,False,False,False,False
756,1,True,False,True,True,False,False,False,False,False,True,False,False,False,False,False,False
757,0,False,True,True,False,False,False,False,False,False,False,False,False,False,False,False,False
758,0,True,False,True,False,False,False,False,False,False,False,False,False,False,False,False,False
759,0,False,True,True,False,False,False,False,False,False,False,False,False,False,False,False,False
760,1,False,False,False,False,False,False,False,False,False,False,False,False,False,False,False,False
761,0,False,True,True,False,False,False,False,False,False,False,False,False,False,False,False,False
762,0,False,True,True,False,False,False,False,False,False,False,False,False,False,False,False,False
763,1,False,True,True,False,False,False,False,False,False,False,False,False,False,False,False,False
764,1,False,False,False,True,False,False,False,False,False,False,True,False,False,False,False,False
765,0,False,True,True,False,False,False,False,False,False,False,False,False,False,False,False,False
766,1,False,False,False,True,False,False,False,False,False,False,False,False,False,False,False,False
767,0,False,False,True,False,False,False,False,False,False,False,False,False,False,False,False,False
768,0,False,True,False,False,False,False,False,False,False,False,False,False,False,False,False,False
769,0,False,True,True,True,False,False,False,False,False,False,False,False,False,False,False,False
770,0,False,True,True,False,False,False,False,False,False,False,False,False,False,False,False,False
771,0,False,True,True,False,False,False,False,False,False,False,False,False,False,False,False,False
772,0,False,True,True,False,False,False,False,False,False,False,False,False,False,False,False,False
773,0,True,False,False,False,False,False,False,False,False,False,False,False,False,False,False,False
774,0,False,True,True,False,False,False,False,False,False,False,False,False,False,False,False,False
775,1,True,False,False,True,False,False,False,False,False,False,False,True,False,False,False,False
776,0,False,True,True,False,False,False,False,False,False,False,False,False,False,False,False,False
777,0,False,True,True,False,False,False,False,False,False,False,False,False,False,False,False,False
778,1,False,True,False,False,False,False,False,False,False,False,False,False,False,False,False,False
779,0,False,True,True,False,False,False,False,False,False,False,False,False,False,False,False,False
780,1,False,False,False,False,False,False,False,False,False,True,False,False,False,False,False,False
781,1,False,True,False,False,False,False,False,False,False,False,False,False,False,False,False,False
782,1,False,False,False,True,False,False,False,False,False,False,False,False,False,False,False,False
783,0,False,False,True,False,False,False,False,False,False,False,False,False,False,False,False,False
784,0,False,True,True,True,False,False,False,False,False,False,True,False,False,False,False,False
785,0,False,True,True,False,False,False,False,False,False,False,False,False,False,False,False,False
786,0,False,True,True,False,False,False,False,False,False,False,False,False,False,False,False,False
787,1,False,True,False,False,False,False,False,False,False,False,False,False,False,False,False,False
788,0,False,True,True,False,False,False,True,False,False,True,False,False,False,False,False,False
789,1,False,True,True,True,False,False,False,False,False,False,True,False,False,False,False,False
790,0,False,False,True,False,False,False,False,False,False,False,False,False,False,False,False,False
791,0,False,True,True,False,False,False,False,False,False,False,False,False,False,False,False,False
792,0,True,False,True,False,False,False,False,False,False,False,False,False,False,False,False,False
793,0,False,True,False,False,False,False,False,False,True,False,True,False,False,False,False,False
794,0,False,False,True,False,False,False,False,False,False,False,False,False,False,False,False,False
795,0,False,True,True,False,False,False,False,False,False,False,False,False,False,False,False,False
796,0,True,False,True,False,False,False,False,False,False,False,False,False,False,False,False,False
797,1,False,False,False,False,False,False,False,False,False,False,False,False,False,False,False,False
798,1,False,True,False,False,False,False,False,False,False,False,False,False,False,False,False,False
799,0,False,True,True,False,False,False,False,False,False,False,False,False,False,False,False,False
800,0,False,True,False,True,False,False,False,False,False,True,False,False,False,False,False,False
801,0,True,False,True,False,False,False,False,False,False,False,False,False,False,False,False,False
802,1,True,False,False,True,False,False,False,False,False,True,False,False,False,False,False,False
803,1,False,False,True,True,False,False,False,False,False,False,True,False,False,False,False,False
804,1,False,True,True,False,False,False,False,False,False,True,False,False,False,False,False,False
805,1,False,True,True,False,False,False,False,False,False,False,False,False,False,False,False,False
806,0,False,True,True,False,False,False,False,False,False,False,False,False,False,False,False,False
807,0,False,False,True,False,False,False,False,False,False,False,False,False,False,False,False,False
808,0,False,True,False,False,False,False,False,False,False,False,False,False,False,False,False,False
809,0,True,False,True,False,False,False,False,False,False,False,False,False,False,False,False,False
810,1,False,False,False,True,False,False,False,False,False,False,False,False,False,False,False,False
811,0,False,True,True,False,False,False,False,False,False,False,False,False,False,False,False,False
812,0,False,True,True,False,False,False,False,False,False,False,False,False,False,False,False,False
813,0,True,False,True,False,False,False,False,False,False,False,False,False,False,False,False,False
814,0,False,True,False,False,False,False,True,False,False,False,True,False,False,False,False,False
815,0,False,True,True,False,False,False,False,False,False,False,False,False,False,False,False,False
816,0,False,False,True,False,False,False,False,False,False,False,False,False,False,False,False,False
817,0,False,True,False,False,False,False,False,False,False,False,False,False,False,False,False,False
818,0,True,False,True,True,False,False,False,False,False,True,False,False,False,False,False,False
819,0,False,True,True,False,False,False,False,False,False,False,False,False,False,False,False,False
820,0,False,True,True,False,False,True,False,False,False,False,True,False,False,False,False,False
821,1,False,False,False,True,False,False,False,False,False,True,False,False,False,False,False,False
822,1,False,True,True,False,False,False,False,False,False,False,False,False,False,False,False,False
823,0,False,False,True,False,False,False,False,False,False,False,False,False,False,False,False,False
824,1,False,True,False,False,False,False,False,False,False,True,False,False,False,False,False,False
825,0,False,True,True,False,False,False,True,False,False,True,False,False,False,False,False,False
826,0,False,True,True,False,False,False,False,False,False,False,False,False,False,False,False,False
827,0,False,True,True,False,False,False,False,False,False,False,False,False,False,False,False,False
828,1,True,False,True,False,False,False,False,False,False,False,True,False,False,False,False,False
829,1,False,True,True,False,False,False,False,False,False,False,False,False,False,False,False,False
830,1,False,False,False,False,False,False,False,False,False,False,False,False,False,False,False,False
831,1,False,True,False,True,False,False,False,False,False,False,False,False,False,False,False,False
832,1,True,False,True,True,False,False,False,False,False,True,False,False,False,False,False,False
833,0,False,True,True,False,False,False,False,False,False,False,False,False,False,False,False,False
834,0,False,True,True,False,False,False,False,False,False,False,False,False,False,False,False,False
835,0,False,True,True,False,False,False,False,False,False,False,False,False,False,False,False,False
836,1,False,False,False,True,False,False,False,False,False,True,False,False,False,False,False,False
837,0,False,True,True,False,False,False,False,False,False,False,False,False,False,False,False,False
838,0,False,True,True,False,False,False,False,False,False,False,False,False,False,False,False,False
839,1,False,True,True,False,False,False,False,False,False,False,False,False,False,False,False,False
840,1,False,False,True,False,False,False,False,False,False,False,False,False,False,False,False,False
841,0,False,True,True,False,False,False,False,False,False,False,False,False,False,False,False,False
842,0,True,False,True,False,False,False,False,False,False,False,False,False,False,False,False,False
843,1,False,False,False,False,False,False,False,False,False,False,False,False,False,False,False,False
844,0,False,True,True,False,False,False,False,False,False,False,False,False,False,False,False,False
845,0,False,True,True,False,False,False,False,False,False,False,False,False,False,False,False,False
846,0,False,True,True,False,False,False,False,False,False,False,False,False,False,False,False,False
847,0,False,True,True,False,False,False,False,False,True,False,True,False,False,False,False,False
848,0,False,True,True,False,False,False,False,False,False,False,False,False,False,False,False,False
849,0,True,False,True,False,False,False,False,False,False,True,False,False,False,False,False,False
850,1,False,False,False,True,False,False,False,False,False,False,False,False,False,False,False,False
851,0,False,True,True,False,False,False,True,False,False,False,True,False,False,False,False,False
852,0,False,True,True,False,False,False,False,False,False,False,False,False,False,False,False,False
853,0,False,True,False,True,False,False,False,False,False,True,False,False,False,False,False,False
854,1,False,False,False,False,False,False,False,False,False,True,False,False,False,False,False,False
855,0,True,False,False,True,False,False,False,False,False,False,False,False,False,False,False,False
856,1,False,True,False,False,False,False,False,False,False,True,False,False,False,False,False,False
857,1,False,False,False,True,False,False,False,False,False,True,False,False,False,False,False,False
858,1,False,False,True,False,False,False,False,False,False,False,False,False,False,False,False,False
859,1,False,True,False,False,False,False,False,False,False,False,False,True,False,False,False,False
860,0,False,True,True,False,False,False,False,False,False,False,False,False,False,False,False,False
861,0,False,True,True,False,True,False,False,False,False,False,False,False,False,False,False,False
862,0,True,False,True,True,False,False,False,False,False,False,False,False,False,False,False,False
863,1,False,False,False,False,False,False,False,False,False,False,False,False,False,False,False,False
864,0,False,True,False,False,False,False,False,False,True,False,True,False,False,False,False,False
865,0,True,False,True,False,False,False,False,False,False,False,False,False,False,False,False,False
866,1,True,False,False,False,False,False,False,False,False,False,False,False,False,False,False,False
867,1,True,False,False,True,False,False,False,False,False,False,False,False,False,False,False,False
868,0,False,False,True,False,False,False,False,False,False,False,False,False,False,False,False,False
869,0,False,True,True,False,False,False,False,False,False,False,False,False,False,False,False,False
870,1,False,True,True,True,False,False,False,False,False,True,False,False,False,False,False,False
871,0,False,True,True,False,False,False,False,False,False,False,False,False,False,False,False,False
872,1,False,False,False,True,False,False,False,False,False,True,False,False,False,False,False,False
873,0,False,False,True,False,False,False,False,False,False,False,False,False,False,False,False,False
874,0,False,True,True,False,False,False,False,False,False,False,False,False,False,False,False,False
875,1,True,False,False,True,False,False,False,False,False,False,False,False,False,False,False,False
876,1,False,True,False,False,False,False,False,False,False,False,False,False,False,False,False,False
877,0,False,True,True,False,False,False,False,False,False,False,False,False,False,False,False,False
878,0,False,True,True,False,False,False,False,False,False,False,False,False,False,False,False,False
879,0,False,True,True,False,False,False,False,False,False,False,False,False,False,False,False,False
880,1,False,False,False,False,False,False,False,False,False,True,False,False,False,False,False,False
881,1,True,False,False,False,False,False,False,False,False,True,False,False,False,False,False,False
882,0,False,True,True,False,False,False,False,False,False,False,False,False,False,False,False,False
883,0,False,True,False,False,False,False,False,False,False,False,False,False,False,False,False,False
884,0,True,False,True,False,False,False,False,False,False,False,False,False,False,False,False,False
885,0,False,True,True,False,False,False,False,False,False,False,False,False,False,False,False,False
886,0,False,True,False,False,False,False,False,False,False,False,False,False,False,True,False,False
887,0,True,False,True,False,False,False,False,False,False,False,False,False,False,False,False,False
888,1,False,False,False,False,False,False,False,False,False,False,False,False,False,False,False,False
889,0,False,True,False,True,False,False,False,False,False,False,True,False,False,False,False,False
890,1,False,False,True,False,False,False,False,False,False,False,False,False,False,False,False,False
891,0,False,True,True,False,False,False,False,False,False,False,False,False,False,False,False,False
